user_id,name,age,gender,country,signup_date
1,Iolanthe Scoates,43,Female,Argentina,07-20-2023
2,Conn Wichard,22,Male,Canada,01-17-2025
3,Gerek Morigan,24,Genderqueer,Japan,03-11-2024
4,Darryl Tremouille,21,Female,Russia,02-24-2024
5,Zeb Lutz,57,Male,China,04-25-2025
6,Lucais Mathers,60,Male,China,09-17-2023
7,Erhart Ireland,36,Male,China,07-11-2024
8,Torey Robertacci,51,Male,Russia,07-03-2025
9,Chuck Girardy,35,Bigender,Brazil,12-08-2024
10,Ferdie Surguine,51,Male,China,11-10-2023
11,Mabelle Birchwood,42,Female,United States,07-19-2024
12,Kinna Raywood,39,Female,China,07-16-2024
13,Rodd Farney,21,Male,United States,12-25-2023
14,Kimberlyn Heathwood,43,Genderqueer,China,11-30-2023
15,Eirena Mingame,59,Female,France,02-16-2024
16,Fanchon Chance,48,Female,China,04-08-2023
17,Hillie Scandrick,60,Male,United States,05-21-2025
18,Norri Howsley,44,Female,China,06-18-2023
19,Bertie Ebunoluwa,26,Male,Canada,04-09-2025
20,Mag Neles,35,Female,China,11-21-2024
21,Delia Godsal,28,Female,China,04-27-2023
22,Rollo McAvin,47,Male,Japan,12-26-2023
23,Herve Piet,47,Male,China,04-13-2023
24,Virgil Prangnell,28,Male,France,02-09-2023
25,Devonne Paireman,50,Female,China,06-01-2025
26,Gerhard Wennam,43,Male,China,09-23-2023
27,Natalie Robb,41,Female,Japan,06-02-2025
28,Laughton Kingham,48,Male,Russia,08-15-2024
29,Woody Rushmare,30,Male,Russia,03-28-2025
30,Berkly Ravilus,30,Male,Brazil,02-13-2025
31,Simonne Cussins,51,Non-binary,China,11-24-2024
32,Jen Ludmann,59,Female,China,04-03-2025
33,Sophie Gabbetis,20,Polygender,France,01-23-2024
34,Leanora Egdal,18,Female,China,01-03-2024
35,Kelly Almey,60,Female,China,10-07-2024
36,Julietta Ohms,56,Female,United States,05-24-2025
37,Claudine Strathearn,38,Female,China,09-24-2024
38,Silva Pavier,48,Female,France,11-03-2023
39,Alli Wollard,58,Female,France,07-30-2023
40,Madelina Elsby,52,Genderqueer,China,04-06-2023
41,Helen-elizabeth Rotte,59,Female,China,01-06-2023
42,Stefanie Rodolico,28,Female,China,03-31-2023
43,Cody Sebyer,33,Male,United States,04-30-2023
44,Ruthanne Shelley,56,Female,China,01-02-2025
45,Larry Freak,18,Male,Argentina,06-27-2024
46,Teresina Gyppes,35,Female,Canada,01-11-2025
47,Calhoun Goghin,47,Male,Canada,05-30-2023
48,Diane-marie McManamen,21,Female,China,03-08-2024
49,Claus Hairsine,35,Male,Canada,08-27-2023
50,Sandra O'Lenane,37,Polygender,China,09-14-2024
51,Xerxes McKitterick,21,Male,United States,03-23-2025
52,Karyl Grundon,48,Female,China,07-10-2023
53,Gennie Trayford,25,Female,China,04-08-2025
54,Reade Descroix,57,Male,China,02-11-2025
55,Tomi Stiller,40,Female,Russia,01-31-2025
56,Rourke Rookledge,40,Non-binary,Brazil,03-02-2025
57,Maryanna Elham,55,Female,China,06-09-2023
58,Nobie Drohane,37,Male,China,03-09-2024
59,Antin Waliszek,41,Male,Canada,01-31-2025
60,Worthy Baldi,46,Male,China,02-17-2023
61,Alexa Piken,26,Female,China,09-22-2024
62,Dannie Gaynesford,39,Male,China,10-23-2023
63,Brooke Cossey,39,Male,France,02-15-2023
64,Elnore Ashburne,31,Female,China,11-06-2024
65,Brittany Garlette,19,Female,China,02-21-2025
66,Jamie Haskell,41,Male,Russia,11-20-2023
67,Chantal Lelande,36,Female,China,08-19-2023
68,Ruddie Chmiel,27,Bigender,Brazil,08-01-2024
69,Jeanette Revill,34,Female,China,11-21-2024
70,Maryellen McAvey,43,Female,Brazil,04-13-2025
71,Fern Dove,39,Female,United States,08-06-2024
72,Winny Laingmaid,57,Male,Japan,08-04-2023
73,Siusan Screen,33,Female,China,04-27-2023
74,Scarlet Myner,34,Genderfluid,China,06-15-2023
75,Christi Fulep,44,Female,United Kingdom,07-30-2024
76,Shir Marshal,33,Female,Brazil,10-05-2023
77,Anna-maria Placide,22,Female,Japan,05-16-2025
78,Mireille Boomes,26,Female,China,06-11-2023
79,Freeland Chumley,54,Male,China,06-26-2025
80,Tessie Oleksiak,44,Female,China,06-27-2025
81,Riki Fairn,51,Female,Italy,07-06-2023
82,Marv Szach,29,Non-binary,France,09-14-2023
83,Agata Burstow,32,Female,China,05-02-2023
84,Aubrey Tysack,59,Male,Japan,06-01-2025
85,Janette Gascoyen,53,Female,China,10-27-2023
86,Ingemar Toland,23,Male,Brazil,07-10-2023
87,Lilla Horsburgh,54,Genderfluid,Argentina,12-06-2023
88,Codi Stower,31,Male,China,02-27-2023
89,Burg Aizikov,46,Male,Russia,04-08-2025
90,Marielle Keitch,59,Female,Germany,01-03-2024
91,Isac Godspeede,20,Male,France,04-17-2023
92,Phelia Ferraron,56,Female,Canada,09-09-2023
93,Budd Selkirk,28,Male,China,05-04-2024
94,Lindon Buxton,18,Male,Russia,09-05-2023
95,Madelina Serrurier,37,Female,China,11-22-2024
96,Cleavland Roxburgh,54,Male,China,06-06-2025
97,Nananne Barense,56,Female,China,06-20-2023
98,Keary Itzig,55,Male,China,09-09-2024
99,Katalin Semken,36,Female,Japan,01-02-2023
100,Lawry Pragnall,29,Male,China,12-03-2023
101,Chelsae Coggen,33,Female,China,08-03-2024
102,Karlan McLucky,46,Male,China,02-21-2025
103,Nikita Tattershall,58,Male,Brazil,03-07-2023
104,Lainey Hardy,42,Female,Russia,10-10-2023
105,Sayre Duckham,49,Male,Canada,03-15-2025
106,Shannon Charnley,43,Female,China,01-08-2023
107,Julian Doberer,59,Male,France,09-19-2023
108,Arv Teenan,40,Male,China,03-10-2025
109,Suzann Yewman,59,Female,France,06-22-2023
110,Christean Struijs,46,Female,Brazil,06-09-2025
111,Eada Spowage,23,Agender,Russia,01-18-2024
112,Ellsworth Cryer,41,Male,China,03-28-2023
113,Cynthea Malarkey,38,Polygender,United Arab Emirates,05-08-2025
114,Nannie Milkins,25,Female,Brazil,11-10-2023
115,Sylvan Burberry,27,Male,China,02-08-2025
116,Georgi MacManus,34,Male,Russia,03-20-2023
117,Eb Gatch,59,Male,Russia,07-26-2024
118,Durant Garnall,25,Male,China,09-23-2023
119,Henriette Gantzman,28,Female,China,04-15-2025
120,Clarine Mateescu,18,Female,Brazil,02-19-2025
121,Davis Dyhouse,24,Male,China,01-02-2023
122,Maximo Jorgensen,60,Male,China,05-18-2024
123,Wendel Crowest,53,Male,United States,09-21-2024
124,Werner Milesap,26,Male,Japan,12-16-2023
125,Gael Hirschmann,47,Male,China,11-29-2023
126,Danella Jancik,34,Female,China,01-26-2024
127,Agace Gwynn,53,Female,Russia,12-31-2023
128,Marthena Stookes,25,Polygender,China,02-27-2024
129,Saree Larsen,36,Female,Canada,10-06-2023
130,Zacharie Meneer,55,Male,China,10-15-2023
131,Dre Gero,55,Female,Brazil,03-26-2025
132,Claudianus Tootin,48,Male,China,07-28-2024
133,Lynn Trewhela,46,Male,Russia,09-02-2024
134,Robers McBrearty,56,Male,Russia,01-22-2024
135,Adolph Shemwell,28,Male,Russia,01-24-2025
136,Eadie Karpets,43,Female,Brazil,09-15-2024
137,Avram Bowskill,36,Male,China,12-12-2023
138,Guthrey Kenshole,40,Male,France,06-08-2024
139,Luca Jeness,18,Male,United States,11-10-2024
140,Kaylee Matschoss,55,Female,China,05-04-2025
141,Danielle Hatliff,42,Genderfluid,China,07-03-2024
142,Franky Boyson,46,Male,Canada,03-24-2024
143,Bellina McGonigle,43,Female,Japan,04-21-2023
144,Gillie Crosse,43,Female,China,08-03-2023
145,Adele Keuning,38,Female,Brazil,04-19-2023
146,Bonny Cuffe,22,Female,China,04-07-2023
147,Averyl Annes,22,Female,China,04-11-2025
148,Nona Smallpiece,53,Female,Russia,03-19-2024
149,Sonni Kestin,32,Female,China,01-18-2023
150,Hardy Aizikovich,54,Male,United States,09-08-2024
151,Dorey Vesty,22,Female,Russia,07-17-2024
152,Faustina Dolman,60,Female,France,01-24-2025
153,Addy Verbeek,47,Male,China,04-03-2023
154,Kaspar Theobald,49,Male,China,05-18-2025
155,Caryl Cantillon,57,Female,France,08-04-2024
156,Rogers Toopin,18,Male,China,06-28-2025
157,Loria Thorius,56,Female,China,10-21-2024
158,Hill Dalla,23,Male,Russia,01-05-2024
159,Enrica Allanson,35,Female,France,06-21-2023
160,Marja Van Oort,36,Female,Denmark,12-16-2024
161,Alvina Azema,49,Bigender,Brazil,07-22-2023
162,Kermy Deavall,40,Male,Russia,06-30-2024
163,Brien Baird,52,Male,Brazil,05-28-2023
164,Zandra Simmank,39,Non-binary,Russia,10-10-2024
165,Edith Pomeroy,58,Female,China,08-18-2023
166,Patton Lushey,37,Male,China,03-31-2024
167,Lloyd Batting,29,Male,China,03-30-2023
168,Denver Glading,39,Genderfluid,United States,08-09-2023
169,Barry Godsil,40,Male,China,04-24-2025
170,Marleen Chevers,51,Female,Russia,01-25-2023
171,Chilton Doohan,46,Male,China,12-20-2023
172,Ross Smithson,32,Male,Brazil,05-14-2024
173,Engelbert Zanutti,59,Male,Russia,05-17-2023
174,Andrey Dominighi,56,Male,China,12-27-2024
175,Sigfrid Deplacido,27,Genderfluid,China,12-03-2024
176,Estelle Glede,44,Female,China,06-16-2024
177,Trefor Balme,50,Male,China,02-20-2023
178,Mikaela Worcester,23,Female,China,09-20-2024
179,Peggy Brockington,48,Female,China,04-18-2025
180,Rene Heatley,44,Male,United States,06-23-2025
181,Darius Razoux,31,Male,China,12-17-2024
182,Winfred Grigoryov,38,Male,China,01-17-2025
183,Auguste Munn,52,Female,China,08-15-2024
184,Kimberley Dregan,55,Non-binary,China,12-03-2023
185,Merry Fairholme,54,Female,China,10-03-2023
186,Vasili Monteath,31,Male,China,02-01-2023
187,Trina Jumeau,23,Genderfluid,China,10-15-2023
188,Nora Richarson,29,Female,China,09-24-2024
189,Nisse Domerq,28,Female,France,01-27-2023
190,Filippa Domeney,42,Female,Russia,07-18-2024
191,Staford Sauvain,51,Male,China,01-05-2023
192,Shem Motten,22,Non-binary,China,01-25-2025
193,Cortney Foker,60,Female,China,04-29-2025
194,Korey Riccardi,51,Male,Argentina,03-13-2024
195,Parrnell Lanceter,23,Male,China,08-31-2024
196,Cora Lenden,53,Female,China,07-13-2023
197,Simon Chrichton,28,Male,France,07-02-2024
198,Lindsey Olyff,52,Genderfluid,China,02-09-2024
199,Frants Kroon,20,Male,Brazil,12-10-2023
200,Alexio Broddle,37,Male,Japan,05-26-2023
201,Delia Mole,37,Female,China,02-15-2023
202,Liva Sefton,51,Female,Japan,07-17-2024
203,Aryn MacAnelley,53,Female,China,05-13-2024
204,Jaine Markwell,49,Female,China,05-16-2024
205,Brendan Bogart,19,Male,Brazil,12-24-2023
206,Gunter Care,59,Male,France,07-07-2025
207,Erica Millwall,45,Female,Russia,03-08-2023
208,Lindsey Daingerfield,45,Female,China,01-04-2025
209,Emmett Stolte,23,Male,China,03-31-2025
210,Harli Chantler,22,Female,United States,12-13-2024
211,Timmie Carlan,32,Female,China,07-11-2025
212,Cassius Pretswell,33,Male,China,12-16-2023
213,Vanya Floyd,29,Male,Argentina,06-02-2024
214,Letitia Beagles,29,Female,China,08-15-2023
215,Currie Oen,25,Male,China,06-23-2025
216,Aloysia Gorler,18,Female,China,11-17-2023
217,Tamma Gioani,54,Female,China,05-04-2025
218,Thaddeus Dargue,44,Male,Russia,01-07-2025
219,Yule Camber,28,Polygender,France,12-19-2023
220,Datha Patrono,34,Polygender,Brazil,03-24-2025
221,Daria Pellew,56,Female,China,01-07-2024
222,Jean Marcombe,20,Male,China,03-15-2024
223,Hersh Folliott,56,Male,Brazil,02-14-2023
224,Raddie Mapson,25,Male,Russia,05-27-2023
225,Cleavland Lancastle,30,Male,United States,06-27-2024
226,Ibbie Reidie,41,Female,Brazil,08-10-2023
227,Phaidra Shillan,34,Female,Russia,02-24-2023
228,Ervin Asaaf,29,Male,Russia,06-06-2025
229,Roshelle Baddeley,32,Female,China,03-20-2024
230,Tedie Ghidelli,50,Male,Brazil,11-26-2024
231,Sherrie Cockren,22,Female,China,08-17-2024
232,Maribelle Brookhouse,27,Female,China,01-01-2024
233,Orville Bosson,39,Male,China,06-27-2025
234,Mirna Carl,34,Female,China,07-01-2025
235,Malena Purchase,38,Female,France,04-07-2025
236,Aylmer Von Der Empten,18,Male,China,01-04-2025
237,Jodi Jaine,55,Male,Russia,12-20-2023
238,Stacy Kenaway,34,Female,China,05-23-2025
239,Elvira Tytterton,59,Female,Russia,12-31-2024
240,Nataniel Lissemore,21,Male,China,09-27-2024
241,Helenka Annear,52,Female,United States,04-14-2025
242,Torey Hancock,45,Female,Canada,03-03-2023
243,Mab Bowcher,58,Female,Argentina,03-06-2024
244,Hilary Howieson,45,Female,China,01-03-2024
245,Kimberli Culshew,43,Female,Russia,11-26-2024
246,Giffer Hegg,56,Male,Russia,08-22-2024
247,Lonnard Liger,54,Male,France,12-01-2023
248,Jan Ropert,57,Male,China,10-30-2023
249,Wald Haggas,26,Male,Russia,03-13-2024
250,Rick Haffenden,32,Non-binary,China,06-02-2025
251,Austen Mullis,39,Male,United States,04-16-2024
252,Marty Done,30,Female,China,04-21-2025
253,Carena Ragbourn,33,Female,China,04-10-2025
254,Carolann Izhaky,50,Female,Russia,07-18-2023
255,Mikel Selvester,52,Male,Russia,11-14-2023
256,Maxi Meffin,56,Female,Russia,08-06-2023
257,Carly Foli,22,Genderqueer,Russia,08-07-2023
258,Tiler Seniour,25,Male,China,12-13-2024
259,Bernadene Peye,42,Female,China,01-17-2025
260,Silas Mosedall,58,Male,China,01-07-2025
261,Gannie Arnely,55,Male,China,03-20-2024
262,Victor Handlin,30,Male,Canada,03-04-2023
263,Ophelia Popham,18,Female,Russia,05-07-2025
264,Regina Pinshon,43,Female,Brazil,08-29-2023
265,Dietrich Gritton,40,Male,United States,10-25-2024
266,Rhys Cleal,56,Male,Canada,06-24-2024
267,Melisent Regus,24,Female,United States,11-29-2024
268,Dannie Redmell,37,Male,Brazil,10-27-2024
269,Jodi Tortis,40,Male,China,06-24-2025
270,Blayne Ellington,48,Male,China,08-17-2024
271,Matthieu Garlett,18,Male,China,04-29-2023
272,Randall Phalip,57,Male,China,04-03-2023
273,Joanie Wyllis,42,Female,China,03-15-2024
274,Bibbye Crathorne,48,Female,China,02-17-2023
275,Victor Brayfield,58,Non-binary,China,11-03-2024
276,Ronny Petri,29,Male,China,10-12-2024
277,Marcelia Hamp,59,Female,Brazil,02-03-2025
278,Maurise Kingcott,47,Male,China,05-04-2024
279,Kaspar Cazalet,59,Male,Japan,02-18-2023
280,Kali Izsak,20,Female,China,01-19-2024
281,Dave Camilleri,56,Male,Russia,01-22-2025
282,Brooks McVane,58,Female,Canada,06-13-2023
283,Nan Gerty,60,Genderfluid,Brazil,09-30-2024
284,Cherise McCourt,26,Female,China,03-21-2025
285,Courtney Nutley,54,Genderqueer,Russia,08-10-2024
286,Eadmund Winsborrow,48,Male,Japan,08-03-2023
287,Griselda Coult,55,Female,Russia,11-05-2023
288,See Forster,19,Male,China,03-23-2025
289,Giselle McIlreavy,19,Female,China,01-17-2025
290,Anson Blaszczak,42,Male,China,03-30-2024
291,Zea Pieter,41,Polygender,Japan,01-03-2024
292,Todd Ettery,29,Male,China,12-09-2023
293,Burt Carrington,44,Male,Brazil,10-25-2024
294,Inga Cannell,42,Female,China,08-06-2024
295,Alane Iannuzzi,41,Female,China,09-22-2024
296,Gustavo Blanning,56,Male,China,06-07-2024
297,Gustavo Febvre,23,Male,China,12-17-2023
298,Galina Magson,45,Female,France,10-16-2024
299,Onofredo Officer,36,Male,France,11-17-2024
300,Berton Burney,51,Male,Argentina,10-30-2024
301,Lynnet McGinley,58,Female,Russia,11-19-2024
302,Nevsa Petzold,41,Female,Russia,03-22-2024
303,Duke Galley,37,Male,China,09-05-2024
304,Appolonia Wiley,50,Female,Denmark,03-29-2025
305,Herbie Iacovazzi,57,Male,China,01-22-2024
306,Ethelyn Gaymer,48,Female,China,03-15-2025
307,Marguerite Eayrs,44,Female,Russia,01-28-2024
308,Kristopher Darree,60,Male,Japan,05-08-2024
309,Umberto Brik,44,Male,Russia,10-20-2024
310,Marjy Ashborne,22,Female,Russia,05-12-2025
311,Franny Dimond,46,Female,Russia,05-05-2023
312,Gibb Bagley,54,Male,Germany,09-02-2024
313,Sherie Angear,46,Female,China,10-22-2024
314,Kristos Kleeborn,49,Male,China,05-01-2024
315,Ike Mirfield,38,Male,Russia,08-01-2023
316,Kathryne Sawrey,48,Female,Brazil,04-12-2025
317,Nissy Bengtsson,30,Female,China,07-13-2024
318,Marjorie MacKegg,37,Female,China,10-23-2024
319,Randy Mc Coughan,22,Male,Russia,09-05-2024
320,Frasquito Avarne,52,Male,Japan,06-24-2023
321,Walden Ordemann,34,Male,China,04-24-2023
322,Lucias Sinclaire,34,Male,United States,01-27-2025
323,Stan Ogger,28,Polygender,Russia,06-08-2023
324,Kate Guppy,36,Female,China,04-20-2024
325,Emmalee Barcke,21,Female,China,08-02-2023
326,Doralia Conti,56,Female,China,06-05-2023
327,Esme Bulfit,41,Male,United States,10-09-2024
328,Hortensia Garratt,38,Female,China,12-07-2023
329,Archer Harley,35,Male,France,12-27-2024
330,Karly Santostefano.,50,Female,France,05-23-2025
331,Demetra Balcers,36,Female,Japan,11-28-2024
332,Moe Jagger,25,Male,China,03-27-2023
333,Adriena Houlaghan,47,Genderfluid,France,05-13-2024
334,Angeli Otham,38,Male,Russia,05-30-2023
335,Noelani Spadoni,50,Female,United States,05-03-2023
336,Yalonda Dabnor,46,Female,United States,05-02-2025
337,Rubetta Makeswell,24,Non-binary,China,08-11-2023
338,Sergei Baudains,56,Male,China,01-02-2024
339,Giovanni Izacenko,38,Male,Japan,08-06-2023
340,Ashley Mollon,20,Female,New Zealand,10-03-2023
341,Cathryn Curness,53,Female,China,04-21-2023
342,Claudian Langshaw,27,Male,Canada,07-04-2024
343,Elsy Seargeant,42,Female,Argentina,06-26-2023
344,Sol Antonikov,59,Male,China,12-09-2024
345,Prue Fendlen,43,Female,China,02-17-2023
346,Biddie Matteuzzi,29,Female,Brazil,04-19-2025
347,Lynnelle O'Fallowne,50,Female,China,03-21-2025
348,Theodosia Hurche,44,Female,Japan,01-03-2023
349,Daisie Laborde,30,Female,China,12-12-2023
350,Gussie Coulthard,30,Female,China,10-25-2024
351,Kali Raunds,18,Female,Russia,10-14-2024
352,Feodora O'Shields,35,Female,Russia,05-02-2023
353,Alic Blare,25,Male,United States,06-27-2023
354,Drake Marquis,50,Male,Brazil,05-06-2024
355,Kalvin McKiernan,22,Male,Italy,03-09-2023
356,Felizio Biggerdike,48,Male,Russia,02-06-2025
357,Tristam Blues,24,Male,Japan,07-03-2023
358,Hilarius Hiorn,44,Male,China,09-17-2024
359,Paola Forrington,44,Female,Brazil,01-31-2024
360,Jacenta Ickovici,27,Female,Argentina,07-27-2024
361,Laureen Farnham,20,Female,China,04-07-2023
362,Cleo Healeas,22,Female,Argentina,04-21-2023
363,Maynard Sherringham,24,Male,France,08-30-2024
364,Henrietta Duncanson,47,Female,United States,10-31-2024
365,Eadmund Lucian,31,Male,United States,04-05-2024
366,Trenton Yepiskov,34,Male,China,06-12-2024
367,Romain Hockell,60,Male,China,07-30-2024
368,Cherie Hillburn,43,Female,China,04-17-2025
369,Isabeau Gioani,54,Female,China,03-10-2023
370,Engelbert Sickamore,47,Male,China,07-15-2024
371,Pansy Shilleto,48,Bigender,Brazil,05-30-2023
372,Renaldo Bartoszinski,60,Male,China,10-25-2023
373,Waldemar Cameron,36,Male,China,02-01-2025
374,Jacenta Ferreo,59,Female,Russia,09-16-2023
375,Hansiain Laphorn,58,Male,France,02-12-2024
376,Sigismund Vercruysse,38,Genderfluid,China,02-15-2023
377,Jude Penrose,48,Male,Russia,03-06-2023
378,Karissa Gabbatiss,29,Female,France,01-23-2024
379,Cathie Everil,39,Female,Russia,07-31-2023
380,Gwenora Gerkens,35,Female,China,10-20-2023
381,Charles Bettison,52,Male,China,06-16-2023
382,Brewster Beaconsall,43,Bigender,Canada,07-31-2024
383,Munroe Guilliatt,19,Male,China,03-10-2024
384,Cletus Pieterick,49,Male,China,06-23-2024
385,Duff Easlea,57,Agender,China,07-01-2024
386,Kimberli Taffrey,34,Female,Japan,06-23-2025
387,Drona Hertwell,34,Female,United States,04-28-2023
388,Anette Maykin,55,Female,Brazil,02-20-2025
389,Emmeline Dast,34,Female,Russia,09-27-2023
390,Georgia Gohn,36,Female,Argentina,06-12-2024
391,Wendi Yole,22,Female,China,10-15-2023
392,Mollee Raithbie,46,Female,Brazil,08-20-2024
393,Jeri Treanor,21,Female,China,07-06-2025
394,Sabine Curd,32,Agender,Brazil,04-17-2024
395,Dorthy Glewe,39,Female,Argentina,02-18-2025
396,Terrijo Domerq,45,Female,Brazil,11-01-2023
397,Kylie Birdwhistell,31,Male,China,04-26-2023
398,Connie Sign,60,Genderfluid,China,04-17-2024
399,Bentlee Jaskowicz,29,Male,China,01-19-2023
400,Sharia Plante,19,Female,China,01-12-2025
401,Drucie Tarquinio,32,Female,China,05-21-2024
402,Cobby Brafferton,30,Male,Brazil,04-20-2023
403,Neysa Sterry,35,Non-binary,Japan,07-22-2024
404,Huntlee Lannon,43,Non-binary,Russia,01-14-2025
405,Brandice Casper,36,Female,Argentina,05-26-2023
406,Melosa Gravener,35,Female,New Zealand,06-20-2023
407,Stillman Westpfel,38,Male,Germany,01-11-2024
408,Didi Carbery,22,Female,China,08-12-2024
409,Josee Normanvell,50,Female,China,05-24-2023
410,Porty Carbert,51,Male,China,02-18-2023
411,Alisha Greschik,52,Female,United States,01-10-2023
412,Garald Kliment,20,Male,China,05-28-2025
413,Woodie Colnett,28,Male,Russia,11-14-2024
414,May Rumsey,60,Bigender,China,01-13-2024
415,Tobias Alliband,50,Male,Russia,02-06-2025
416,Theresa Patman,29,Female,China,09-30-2024
417,Keefer Mitchener,25,Non-binary,China,03-02-2025
418,Jaclyn Astridge,56,Female,China,09-26-2024
419,Chev Zincke,19,Male,China,03-10-2025
420,Daniella Tulloch,32,Female,China,05-02-2024
421,Nicole Wagge,45,Female,China,06-30-2024
422,Mathew Prydie,56,Male,China,07-09-2023
423,Tobey Broggelli,38,Female,China,04-20-2023
424,Meta Corps,51,Female,China,09-14-2023
425,Kristian Possel,41,Male,China,01-13-2025
426,June Eyckel,56,Female,United States,11-29-2024
427,Zora Brabbins,26,Female,China,10-27-2023
428,Galen Stephens,37,Male,Russia,08-23-2023
429,Chrisy Chaffyn,59,Male,China,01-11-2025
430,Leon Stiffell,41,Male,Russia,03-24-2025
431,Jennica Larimer,49,Female,Russia,05-23-2025
432,Veronike Langdale,45,Female,China,10-28-2023
433,Flory Purrier,31,Male,China,02-20-2025
434,Esteban Forrester,49,Male,Brazil,04-24-2025
435,Maud Marjanovic,37,Genderfluid,Russia,01-25-2023
436,Mikol Cubbini,53,Male,China,03-12-2023
437,Masha Camlin,50,Female,Canada,03-17-2025
438,Elly Mc Faul,21,Female,France,04-08-2023
439,Burg Russel,58,Male,Japan,06-03-2024
440,Jenny Kitto,36,Female,Australia,11-21-2023
441,Reinaldo Kirtley,52,Male,China,07-16-2023
442,Griselda Shoreson,19,Female,United States,12-07-2024
443,Cecile Andreucci,43,Female,Brazil,10-11-2024
444,Jonathan Bushell,47,Male,Brazil,11-28-2023
445,Mohandis Braxton,21,Male,China,08-03-2023
446,Andras Norvell,46,Agender,Russia,10-25-2023
447,Gearard Seldner,19,Male,United States,06-26-2024
448,Sarah Deetlefs,19,Bigender,China,12-01-2024
449,Odey Hourahan,42,Male,Brazil,11-23-2024
450,Marigold Grayley,53,Female,Brazil,01-23-2023
451,Ardis Schuh,42,Female,China,04-12-2023
452,Corabelle Smorthit,36,Female,China,09-02-2024
453,Herbie Signore,39,Male,France,05-01-2024
454,Janine Schiementz,39,Female,Canada,06-01-2025
455,Charin Cecely,29,Genderfluid,Brazil,09-07-2024
456,Delmor Drexel,60,Male,Russia,05-18-2023
457,Margot Brayley,48,Female,United States,05-27-2023
458,Stan Kanwell,35,Male,China,10-02-2024
459,Blair Andreolli,42,Male,China,12-12-2024
460,Lotte Marling,32,Female,Brazil,03-20-2024
461,Mathew Eltringham,45,Male,China,11-09-2023
462,Emmit Snozzwell,18,Male,Russia,06-20-2024
463,Jarib Wilson,48,Male,Brazil,11-18-2023
464,Padriac Stickel,41,Male,China,01-08-2025
465,Swen Marquet,44,Male,Brazil,04-10-2025
466,Adolphe Tyt,56,Male,Germany,06-04-2023
467,Vivienne Sterman,52,Female,China,06-26-2025
468,Hastie Housam,40,Bigender,United States,06-09-2024
469,Trent MacArte,40,Male,China,01-06-2025
470,Glen Whetland,58,Male,China,05-12-2024
471,Linc Vagg,25,Male,Russia,09-29-2024
472,Irwinn Yockley,48,Male,France,04-18-2024
473,Torrance Walkling,30,Male,China,08-09-2024
474,Karney Kerswell,26,Male,United States,02-19-2025
475,Lyell Fossick,60,Male,China,07-03-2024
476,Andy Trubshawe,26,Female,China,01-18-2025
477,Tybi Duffus,47,Female,Argentina,05-23-2024
478,Biddy Cuttler,28,Female,Canada,04-04-2023
479,Gertrude Duesbury,29,Female,China,09-29-2023
480,Nessa Konzel,53,Female,China,05-09-2024
481,Lothario Juzek,36,Polygender,United States,09-22-2024
482,Birdie Whistan,31,Female,Brazil,01-14-2024
483,Theo Davio,51,Male,Brazil,08-06-2024
484,Wenonah Allder,40,Bigender,Russia,09-23-2023
485,Baillie Hardi,24,Male,Brazil,08-02-2024
486,Ahmad Chate,21,Male,China,07-30-2023
487,Ario Blind,31,Male,China,05-16-2025
488,Ignacio Warcop,42,Male,China,04-14-2023
489,Lucina Todeo,49,Female,Russia,05-27-2025
490,Buddy Goshawk,42,Male,China,10-22-2023
491,Audrie Cruikshanks,27,Female,France,06-02-2024
492,Fairleigh Di Meo,54,Male,China,05-31-2024
493,Di Emsden,29,Female,Brazil,01-28-2024
494,Iago O'Duilleain,40,Male,France,03-10-2025
495,Lovell Holstein,28,Genderqueer,Japan,06-22-2023
496,Holt Loraine,44,Male,China,05-07-2024
497,Georgeta Monier,31,Agender,France,02-21-2024
498,Gardener Battie,57,Male,China,06-01-2025
499,Korry Longmead,19,Female,Russia,02-25-2023
500,Tobit Braunfeld,21,Male,China,05-29-2023
501,Tommi Boriston,55,Female,Brazil,08-23-2024
502,Stacey Kiddy,43,Non-binary,Brazil,11-17-2023
503,Wilburt McKnockiter,22,Male,Canada,05-20-2024
504,Suzi Bulcock,32,Female,China,05-27-2024
505,Rae Terbrug,53,Female,Russia,07-16-2023
506,Ritchie Brann,53,Male,China,06-05-2023
507,Emili Espasa,48,Female,Argentina,04-16-2025
508,Tobey Leishman,57,Non-binary,China,06-11-2024
509,Dorthea Acland,18,Female,China,09-22-2023
510,Karen Pellatt,36,Female,China,03-27-2024
511,Willie Paulillo,33,Male,China,10-21-2024
512,Shauna Ironside,28,Female,Japan,03-10-2024
513,Knox Willingam,21,Male,Brazil,06-06-2023
514,Iago Solly,50,Bigender,China,10-28-2024
515,Shirlene Balm,36,Female,China,05-07-2025
516,Bobbye Lodewick,24,Female,Brazil,05-26-2023
517,Sheela Bussen,32,Female,Brazil,03-29-2024
518,Gennie Swetenham,19,Female,China,07-26-2024
519,Fianna Kopta,39,Female,China,05-29-2024
520,Randi Knewstub,20,Male,Russia,12-17-2023
521,Ulrich Kasbye,27,Male,China,05-12-2023
522,Ari Maunsell,39,Male,France,06-10-2023
523,Ruggiero Di Napoli,23,Male,China,12-16-2023
524,Napoleon Ditch,26,Male,United States,03-21-2023
525,Madelle Argent,51,Female,China,03-24-2024
526,Wyatan Blainey,45,Male,Russia,02-08-2023
527,Roman Terlinden,51,Male,China,10-03-2023
528,Dal Dominighi,56,Male,China,01-04-2023
529,Aguistin D'Elia,35,Male,Japan,06-25-2023
530,Sigfrid MacNally,48,Male,China,01-28-2023
531,Broderic Karleman,46,Genderqueer,Brazil,03-05-2025
532,Marge Perryn,44,Female,Russia,06-01-2023
533,Allie Treverton,45,Male,China,05-25-2024
534,Laurice Gartland,60,Female,Russia,07-05-2023
535,Vicki Van der Daal,20,Non-binary,China,05-31-2025
536,Abra Stoneham,35,Bigender,China,03-14-2025
537,Antoni Gudgen,56,Non-binary,Brazil,02-24-2024
538,Karim Sparshatt,58,Male,France,10-15-2024
539,Wallace Annett,51,Male,Denmark,05-30-2025
540,Sharon Crosbie,30,Bigender,China,04-04-2024
541,Steffane MacKean,38,Female,France,04-17-2024
542,Codi Jenteau,23,Female,France,12-30-2023
543,Artemus Noades,35,Male,China,01-07-2025
544,Meg Storek,52,Female,Japan,07-24-2023
545,Lurleen Stow,57,Female,Russia,05-10-2024
546,Renato Danbury,23,Male,China,03-07-2025
547,Hedvig Cockshoot,20,Non-binary,China,02-20-2023
548,Alie Pellissier,45,Female,United States,12-07-2024
549,Vonni Falco,55,Female,China,06-05-2023
550,Raddy Alleyne,46,Male,China,03-01-2024
551,Martie Yitshak,22,Male,China,03-06-2023
552,Tyler Stollsteimer,22,Male,China,02-04-2024
553,Alix Magson,54,Male,Brazil,03-29-2023
554,Stinky Trewman,33,Male,China,04-21-2023
555,Venus Smallbone,36,Female,France,04-03-2023
556,Odo Tattersill,56,Male,China,03-28-2025
557,Minta Tarbett,19,Female,Canada,11-30-2023
558,Blaire Cullrford,20,Female,France,06-06-2024
559,Leanora Murrthum,28,Female,Russia,03-17-2024
560,Brennan Claasen,26,Agender,China,11-15-2024
561,Desirae Ferrier,26,Female,Russia,08-13-2023
562,Kerwinn Towsey,60,Bigender,Brazil,02-07-2024
563,Yul Risbie,60,Male,China,11-14-2024
564,Laurena Tourville,43,Female,Brazil,04-24-2025
565,Dwight Bendle,59,Male,Russia,09-11-2024
566,Jonell Rackam,49,Agender,Canada,10-12-2024
567,Clayborne Knott,54,Male,Japan,02-15-2023
568,Yulma Petchey,58,Male,Russia,11-21-2024
569,Alasdair Bellocht,24,Male,China,09-30-2023
570,Khalil Lockwood,49,Male,Russia,10-31-2023
571,Ilario Crich,20,Male,China,08-01-2024
572,Carleen Evelyn,19,Female,Argentina,03-08-2025
573,Shaylah Indruch,23,Female,Brazil,05-07-2025
574,Giustino Boothman,42,Male,France,07-04-2024
575,Brendin Jaycox,49,Male,Argentina,08-12-2024
576,Eolanda Paulisch,59,Female,China,03-02-2024
577,Legra Rudsdell,31,Female,China,09-07-2023
578,Vivianna Maghull,57,Female,Brazil,06-23-2023
579,Jaye Lettington,53,Male,China,01-12-2024
580,Allin Barringer,21,Male,Brazil,04-01-2024
581,Worthy Antoszczyk,43,Male,China,09-06-2024
582,Obed Rahl,18,Male,China,05-21-2023
583,Carline Johanssen,57,Female,China,06-18-2025
584,Trumaine Kemmer,52,Agender,China,09-24-2023
585,Jacob Exrol,19,Male,France,06-02-2024
586,Jarrid Chilton,45,Male,China,09-29-2024
587,Ivy Laverty,58,Female,Brazil,05-17-2023
588,Olivia Yakushkev,50,Female,Brazil,09-20-2023
589,Gertrud Sambrook,42,Female,China,10-12-2023
590,Crawford Wheal,44,Male,France,02-29-2024
591,Matthus Byer,42,Male,Russia,09-12-2023
592,Alix Tivenan,27,Male,Argentina,02-17-2024
593,Rorie Kingsland,46,Female,United States,10-03-2023
594,Mannie Coombe,37,Male,Argentina,05-31-2025
595,Asa Licciardiello,47,Male,China,08-16-2023
596,Ferrel Powles,29,Male,China,09-17-2024
597,Jonah Sertin,20,Male,China,04-21-2025
598,Milo Rubertis,19,Male,Brazil,07-16-2023
599,Selle Winterbotham,42,Female,China,02-08-2023
600,Guntar Fruish,19,Male,Canada,04-29-2023
601,Wadsworth Taig,31,Male,France,12-15-2023
602,Valaree Adshad,35,Female,China,03-01-2023
603,Ginger Crevagh,19,Female,China,04-16-2025
604,Miner Trittam,27,Genderqueer,Brazil,05-13-2023
605,Carmelle Bachelar,19,Female,Russia,05-03-2023
606,Konstantine Pauler,31,Male,China,01-05-2023
607,Victoria Leyrroyd,35,Female,France,08-24-2023
608,Lane Cromblehome,20,Male,France,11-26-2023
609,Cathryn Mingardi,31,Female,Egypt,10-14-2024
610,Nyssa Wickett,55,Female,Argentina,06-07-2023
611,Karrah Torbet,31,Polygender,China,07-19-2023
612,Wilek Guerreau,39,Male,Argentina,04-10-2025
613,Bridget Bracci,28,Genderfluid,China,07-10-2024
614,Amberly Torpie,18,Bigender,Canada,06-13-2024
615,Zane Yegorkov,58,Male,Brazil,06-12-2023
616,Waite Schuricke,38,Male,China,02-09-2024
617,Susanne Zorzin,21,Female,China,06-21-2025
618,Zacharias Geldert,47,Male,China,07-21-2023
619,Den Carabine,47,Male,Japan,01-16-2024
620,Victoir Hallworth,59,Male,Brazil,08-25-2024
621,Domingo Castellino,60,Male,Brazil,01-10-2024
622,Tova Stothard,46,Female,China,06-06-2025
623,Virgilio Dunstan,34,Male,China,06-17-2024
624,Rog Luc,18,Male,China,04-01-2024
625,Gae Sellan,53,Female,Russia,01-12-2024
626,Paula Garnson,50,Female,China,01-14-2023
627,Marylin Jiranek,43,Female,Japan,02-11-2025
628,Blake Aitkenhead,36,Male,Brazil,08-06-2023
629,Ricca Beswetherick,20,Female,United States,09-25-2024
630,Jackie Lacasa,42,Male,China,03-29-2023
631,Dougy Jeves,23,Male,France,12-13-2024
632,Worth Gaskarth,47,Male,China,05-08-2024
633,Paolo Bush,22,Male,France,09-05-2024
634,Effie Mulvaney,46,Female,China,11-18-2023
635,Massimiliano Stroder,27,Male,China,01-28-2025
636,Manolo Schrader,23,Male,China,01-01-2024
637,Ella Kunkler,42,Female,China,09-16-2023
638,Orella Carsberg,54,Female,Argentina,03-07-2023
639,Roxana Renwick,33,Female,China,07-05-2023
640,Berny Hadleigh,29,Male,Germany,11-08-2024
641,Jesus Eastgate,35,Male,China,01-17-2023
642,Gardiner Moodey,18,Male,Russia,06-04-2024
643,Gilly Heap,59,Female,China,04-30-2025
644,Siegfried Alvin,41,Male,China,03-17-2025
645,Tamiko Fattorini,40,Female,United States,07-19-2024
646,Eldon Paddemore,20,Male,Japan,02-24-2024
647,Delphine Carnegy,30,Female,Russia,08-20-2024
648,Danna Vaugham,34,Female,Russia,06-09-2025
649,Karoly Moncrefe,24,Male,Japan,06-04-2025
650,Marcela Brame,30,Female,France,05-26-2025
651,Preston Sclanders,42,Bigender,Russia,12-19-2023
652,Terry Lecky,40,Male,United States,05-25-2025
653,Kain Basey,58,Male,China,07-05-2024
654,Bernie Thame,54,Male,Brazil,10-30-2023
655,Dara Kensit,26,Female,Brazil,03-10-2024
656,Ossie Whittek,48,Male,China,01-04-2024
657,Davie Bastin,34,Male,Brazil,08-14-2023
658,Bary Catmull,38,Polygender,China,06-26-2025
659,Marj Bolwell,30,Female,Brazil,11-07-2023
660,Monica Dalgety,21,Female,China,09-02-2023
661,Berti Kochlin,52,Male,Brazil,06-29-2025
662,Shurwood Glasson,57,Male,China,02-28-2025
663,Randall Brosius,32,Male,Russia,08-31-2024
664,Tilly Wilhelmy,51,Female,China,12-25-2023
665,Laughton Gershom,28,Non-binary,Canada,01-19-2025
666,Michel Collins,59,Female,Brazil,11-18-2023
667,Godart Patten,46,Male,Denmark,04-26-2023
668,Marge Crosen,44,Female,Japan,01-31-2025
669,Horst Maddox,55,Male,France,03-31-2025
670,Jamie Glandon,24,Male,Russia,03-24-2024
671,Adriane Holligan,32,Genderfluid,China,05-16-2024
672,Bertie Duley,47,Female,Canada,06-10-2025
673,Stacey Scini,51,Female,China,06-20-2025
674,Teressa Rigden,23,Female,China,03-26-2024
675,Kippar Grewer,55,Male,China,05-04-2024
676,Sidney Deboick,26,Male,United States,03-10-2024
677,Shanda Cawthorn,30,Female,Brazil,07-10-2023
678,Grete Twyford,48,Female,United States,01-18-2024
679,Romola Worsfold,25,Female,China,07-08-2023
680,Hazel Runchman,35,Female,China,01-16-2024
681,Devy Broxholme,56,Male,China,07-08-2023
682,Tore Baxter,36,Male,Russia,10-18-2024
683,Kati Kem,33,Female,China,01-08-2025
684,Yolane Critchlow,44,Polygender,China,03-16-2023
685,Allys Fyrth,46,Female,Russia,07-05-2025
686,Merrielle Martinelli,46,Agender,United States,06-07-2024
687,Orelie Debnam,30,Female,China,06-07-2025
688,Jana Keer,60,Female,France,02-04-2023
689,Cecilia Howse,29,Female,United States,04-19-2025
690,Beth Cullinane,24,Non-binary,China,12-23-2023
691,Korney Beelby,45,Female,Russia,06-14-2024
692,Jo ann Slaght,48,Female,China,04-10-2024
693,Greta Sedgefield,29,Agender,France,06-17-2025
694,Maurizia Bossons,53,Female,China,08-05-2023
695,Abby Bastock,32,Male,Brazil,11-13-2023
696,Joey Thoma,53,Male,Brazil,08-10-2023
697,Minni Paule,49,Female,Brazil,01-19-2023
698,Morie Cloughton,26,Male,China,10-20-2023
699,Cobby Salliss,45,Male,Russia,05-30-2024
700,Farah Vinson,53,Female,Argentina,08-09-2024
701,Harriette Dawton,24,Female,New Zealand,02-21-2025
702,Rivy Hilldrup,34,Female,Argentina,10-22-2024
703,Herculie Buttery,29,Male,China,07-25-2024
704,Lind Sherwood,24,Female,Japan,06-27-2023
705,Flemming Paolacci,35,Male,Russia,12-08-2024
706,Bondy Caesman,46,Male,China,05-28-2023
707,Aurie Iorillo,34,Female,China,03-24-2023
708,Giffy Baudesson,45,Male,China,05-18-2025
709,Claresta Nisot,39,Female,China,02-23-2024
710,Kerwinn Adolfson,30,Male,China,11-14-2024
711,Trisha Hindmoor,31,Female,China,03-25-2023
712,Bartel Hamsher,29,Male,China,10-26-2024
713,Beaufort Giorgini,22,Male,China,01-02-2023
714,May Fenix,32,Female,Japan,07-20-2024
715,Robbert Skivington,18,Male,Japan,05-09-2024
716,Prissie Towse,31,Female,Brazil,10-08-2023
717,Alison Lillford,52,Female,China,05-17-2024
718,Helenelizabeth Whatford,52,Female,China,05-12-2024
719,Peta Handrok,32,Female,Japan,04-14-2025
720,Josy Ravillas,23,Female,China,04-04-2024
721,Marv Piell,33,Male,Russia,07-18-2023
722,Thomasa Blanckley,38,Female,Russia,10-28-2024
723,Jamie Faccini,21,Male,Japan,02-01-2023
724,Becca Denver,43,Female,China,10-23-2024
725,Bess Yarmouth,31,Female,China,03-30-2025
726,Bard Ellsom,19,Agender,China,02-08-2024
727,Elyn Musslewhite,45,Female,China,02-25-2023
728,Noe Brimilcombe,47,Male,China,06-06-2025
729,Suzette Frid,27,Female,Germany,04-03-2023
730,Gerald Penwarden,21,Male,China,04-22-2023
731,Armand Mustin,24,Genderqueer,Japan,03-23-2024
732,Newton Kuhnt,20,Male,China,07-16-2023
733,Trace Proffitt,28,Male,China,07-13-2024
734,Easter Comsty,35,Genderqueer,Japan,08-06-2024
735,Evie Maunton,32,Female,China,05-07-2023
736,Stephine Antrobus,39,Genderfluid,Japan,11-07-2023
737,Norri Eveleigh,57,Female,China,05-26-2023
738,Lib Aynold,27,Female,China,07-26-2023
739,Hube Elven,51,Male,China,05-14-2024
740,Rudolfo Filoniere,42,Bigender,France,01-16-2023
741,Estrella O'Scandall,27,Female,France,03-12-2023
742,Carolynn Ledington,26,Female,Russia,10-23-2023
743,Shadow Carnachen,49,Agender,China,04-22-2025
744,Garner Keune,44,Male,France,06-12-2025
745,Nicholas Cropton,27,Male,China,06-29-2023
746,Huntlee Cossor,59,Male,Japan,01-03-2025
747,Mozelle Kollatsch,49,Bigender,Japan,07-08-2025
748,Barclay Knapman,48,Male,China,05-16-2023
749,Rudie Raffels,51,Male,Japan,08-10-2024
750,Flori Dudny,29,Female,China,02-18-2023
751,Benton Matysiak,59,Male,China,06-25-2025
752,Llewellyn Ravilious,51,Male,Canada,04-09-2024
753,Timoteo McAlees,29,Male,France,04-11-2023
754,Isadora Newiss,26,Female,China,05-25-2023
755,Garrott Arnaudi,36,Male,China,10-15-2023
756,Drucy Willshee,57,Female,Russia,02-26-2024
757,Munroe Jakubowski,36,Male,France,09-13-2024
758,Dora Barthod,59,Female,Russia,10-08-2023
759,Clea Hounsom,24,Female,China,10-20-2023
760,Sansone Rainville,33,Male,Japan,04-24-2025
761,Tiffanie Treleven,24,Female,China,07-14-2024
762,Sheela MacDougal,35,Female,France,09-08-2023
763,Annecorinne Espinazo,55,Genderfluid,China,03-07-2023
764,Joeann Shanklin,48,Female,Germany,04-28-2024
765,Llewellyn Gunbie,59,Male,China,12-15-2023
766,Kania Abade,46,Female,Italy,04-11-2023
767,Florence Dmisek,33,Female,Japan,01-15-2023
768,Morey Shillinglaw,46,Male,China,07-12-2023
769,Abelard Dearn,59,Male,Russia,11-17-2023
770,Penn Quant,27,Male,China,06-18-2023
771,Deeyn McNerlin,47,Female,Canada,08-21-2024
772,Wynn Offill,47,Male,China,10-06-2024
773,Efren Attow,52,Male,United States,09-07-2024
774,Phylis Massy,42,Female,China,06-03-2024
775,Gilburt Shapiro,22,Male,China,07-12-2024
776,Olva Troyes,26,Female,Brazil,04-10-2023
777,Jeno Freke,49,Male,China,11-17-2023
778,Verine Deverall,42,Female,Brazil,05-21-2025
779,Currie Weatherburn,39,Male,France,01-20-2023
780,Wylma Caesman,44,Female,Brazil,01-19-2024
781,Robby Waywell,50,Female,Russia,06-12-2024
782,Brennan Di Franceschi,50,Male,Japan,04-08-2023
783,Alberto Zouch,27,Male,France,03-14-2023
784,Gwenny Bruhn,46,Non-binary,Australia,11-11-2024
785,Krishna Daniellot,58,Male,China,06-13-2024
786,Valle Mannix,26,Male,Russia,05-14-2023
787,Arlinda Lovelady,49,Female,China,11-03-2023
788,Connor Newns,27,Male,Brazil,08-18-2023
789,Julianna Kanzler,42,Female,Russia,01-10-2025
790,Chance Esposito,32,Male,United States,11-10-2024
791,Kaela Andrichuk,54,Female,United States,08-12-2024
792,Beilul Sighart,28,Female,China,12-18-2024
793,Clevie Tremble,25,Male,China,09-04-2024
794,Mirabelle Padley,40,Agender,Argentina,08-31-2024
795,Rey Strathearn,57,Male,China,10-24-2024
796,Claiborn Ivanchov,18,Male,Japan,06-19-2025
797,Dru Creggan,18,Male,Russia,04-30-2023
798,Quentin Burden,53,Male,China,07-31-2023
799,Brian Boerder,53,Male,Germany,04-15-2023
800,Maggie Jelfs,53,Female,Russia,07-26-2024
801,Lebbie Christley,40,Female,China,05-19-2023
802,Michal Caroline,51,Female,China,07-03-2023
803,Becki Glawsop,51,Female,China,06-11-2023
804,Ki Haggath,50,Female,France,02-02-2025
805,Carilyn Sinkins,23,Female,China,03-09-2024
806,Jehanna Phinn,47,Female,China,07-05-2024
807,Zitella Turton,31,Female,China,09-07-2023
808,Phillipe Leger,31,Male,United States,08-21-2023
809,Odessa Friett,29,Female,China,08-14-2024
810,Hirsch Junifer,26,Male,China,03-10-2024
811,Kessiah Glendinning,22,Female,China,05-01-2023
812,Langsdon Brooksby,22,Male,Japan,08-17-2024
813,Domeniga Cartmell,33,Female,Brazil,08-09-2024
814,Rufus Armal,36,Male,France,08-01-2023
815,Verina Greggor,55,Female,China,08-30-2023
816,Dennet Askew,29,Male,Russia,01-05-2025
817,Mead Bellini,40,Male,France,04-07-2023
818,Clarinda Birchner,32,Female,Argentina,10-08-2023
819,Nicol Wogan,58,Female,France,09-02-2023
820,Carley Cavil,50,Female,France,10-20-2023
821,Dasie Fautley,47,Female,Russia,12-29-2024
822,Andris Sarfati,59,Male,Russia,09-13-2023
823,Jamaal Lisciardelli,31,Male,China,12-15-2024
824,Elsinore Addey,21,Female,France,10-27-2023
825,Pieter Shinefield,26,Male,China,03-08-2024
826,Lianne Gowans,21,Female,China,04-21-2025
827,Brewster Wharby,34,Male,China,04-04-2025
828,Lazar Caught,31,Male,China,04-01-2024
829,Ingeberg Bothe,24,Bigender,China,06-01-2023
830,Tripp Knowles,37,Male,China,01-10-2024
831,Ruthe Jedryka,28,Bigender,Russia,06-30-2025
832,Ermin Eborall,56,Male,Japan,06-04-2024
833,Rodolph Gerrels,32,Male,Brazil,10-15-2024
834,Odetta Klimpt,46,Female,France,01-21-2023
835,Idalia Lorenz,19,Female,Russia,08-26-2023
836,Donetta Nicklin,21,Female,China,11-24-2023
837,Chrissie Thorius,51,Female,China,04-15-2023
838,Wiley Quickenden,57,Male,Japan,12-28-2023
839,Sabra Riddiough,53,Female,France,10-24-2024
840,Petra Klessmann,22,Female,China,09-06-2023
841,Kinnie Biernat,21,Male,China,12-04-2023
842,Cariotta Sabben,48,Female,China,05-08-2024
843,Brewer Trustrie,28,Male,Japan,09-05-2024
844,Jonas Biddiss,30,Male,China,07-11-2024
845,Morie Dingate,23,Male,China,04-28-2023
846,Joni Richford,20,Female,China,10-25-2024
847,Zsa zsa Dohmer,49,Female,China,05-12-2025
848,Virgie Myrie,43,Polygender,Argentina,06-23-2023
849,Edee Lowen,55,Female,Brazil,02-05-2024
850,Drew Clilverd,59,Bigender,China,01-05-2024
851,Olive Fouracre,23,Female,Brazil,09-27-2024
852,Lauren Enric,33,Male,Russia,05-17-2025
853,Florella Wilks,18,Female,Russia,05-22-2025
854,Putnam Salkeld,36,Male,China,01-23-2025
855,Bendix Pitkin,31,Male,Canada,07-15-2023
856,Ulick Hawtin,52,Male,China,12-02-2023
857,Ossie Reeday,21,Male,France,08-19-2024
858,Gleda Atkinson,51,Female,Denmark,01-11-2024
859,Frederico Terzza,20,Male,Russia,03-23-2023
860,Cristie de Glanville,58,Female,China,03-23-2025
861,Fin Gunningham,60,Male,China,01-31-2025
862,Tad Curgenven,50,Male,Canada,03-02-2023
863,Deirdre Beek,41,Female,United States,02-23-2024
864,Josiah Oliphard,46,Male,United States,12-05-2024
865,Amandy Lambrechts,30,Female,United Kingdom,05-19-2025
866,Erek Lethbury,57,Male,Russia,02-12-2025
867,Elicia Mackin,49,Female,Russia,09-25-2023
868,Karlis Beggio,22,Male,China,06-07-2024
869,Francis Giorgio,53,Male,Argentina,05-18-2023
870,Cammi Blunsden,33,Female,Russia,05-23-2025
871,Jorie Hause,39,Female,China,01-09-2025
872,Michal Nisot,42,Genderfluid,China,05-24-2023
873,Giff Rohlf,55,Male,China,02-22-2025
874,Rolph Keiley,22,Male,Russia,04-12-2024
875,Selig Pentony,41,Male,Russia,02-06-2024
876,Sharl Mudd,24,Female,China,09-03-2023
877,Ferdie Helliar,40,Male,China,11-21-2023
878,Callie Rickasse,41,Female,Germany,05-03-2023
879,Corrie Baptist,20,Male,Russia,04-01-2025
880,Blaine Cardenas,24,Male,China,05-25-2024
881,Zollie Tweedy,32,Male,China,04-22-2024
882,Faith Sinney,46,Female,Brazil,04-27-2024
883,Felecia Beeze,49,Female,China,09-17-2024
884,Cletus Mowatt,36,Male,Russia,06-07-2024
885,Sisile Iglesias,32,Female,Russia,10-28-2023
886,Laraine MacGoun,27,Female,China,05-06-2023
887,Genia Fynan,49,Female,Russia,08-23-2023
888,Fransisco Akitt,24,Polygender,China,02-12-2024
889,Cherise Ather,46,Female,Canada,01-16-2023
890,Richardo Domerc,45,Male,Russia,07-11-2023
891,Natal Sollner,23,Male,Russia,05-27-2024
892,Cyndi Bradburn,55,Female,Canada,08-08-2023
893,Jock Lockwood,36,Male,Brazil,08-04-2023
894,Liam Dunsford,28,Male,China,03-13-2023
895,Crawford Fassan,41,Male,China,07-14-2024
896,Faythe Grace,44,Female,France,10-10-2023
897,Gery Sangwin,40,Genderfluid,Japan,07-26-2024
898,Jonas Rouchy,25,Bigender,China,06-11-2023
899,Cloe Brome,31,Female,Russia,05-22-2025
900,Miner Greenhough,31,Male,Canada,08-25-2023
901,Pietro Westgate,18,Male,Canada,08-21-2023
902,Conny Domonkos,60,Female,China,07-01-2024
903,Etti Hourahan,32,Female,China,12-29-2023
904,Gussi Bydaway,29,Non-binary,France,07-05-2024
905,Jocelyne Langmead,45,Female,China,01-20-2025
906,Daffy Linster,28,Female,Japan,09-18-2023
907,Stefanie Norbury,31,Female,China,06-13-2024
908,Creigh Stapele,20,Male,Brazil,04-04-2024
909,Blayne Burnapp,18,Genderqueer,China,10-23-2023
910,Orly Linnemann,46,Genderfluid,China,08-26-2024
911,Marie-ann Heeron,58,Female,China,05-22-2023
912,Moyra Reisen,49,Female,China,06-28-2023
913,Gabi Benardet,27,Male,Brazil,06-01-2025
914,Yehudit Djurdjevic,40,Male,China,08-14-2023
915,Ophelia Benettelli,27,Female,China,02-26-2023
916,Enriqueta Doniso,27,Female,France,11-24-2023
917,Helli Willmett,22,Female,Russia,12-30-2023
918,Tan Footitt,41,Male,China,03-23-2023
919,Clare Grzeszczak,48,Male,France,04-07-2023
920,Florri Taffie,30,Female,Egypt,11-21-2023
921,Kelcie Wynn,31,Female,China,06-21-2024
922,Aleksandr Mighele,22,Male,France,08-18-2024
923,Nester Siggee,57,Male,China,06-11-2024
924,Far McQuaid,21,Male,China,10-24-2023
925,Magdaia Bauer,19,Female,China,03-30-2024
926,Danika Divina,26,Genderfluid,China,05-10-2023
927,Annadiane Braybrook,21,Female,Russia,05-02-2024
928,Ewen Waight,48,Male,Russia,09-14-2023
929,Lyda Scarlon,28,Female,China,01-10-2025
930,Hillel Sarver,18,Male,China,01-03-2024
931,Marshal Skocroft,46,Male,United States,02-13-2025
932,Melisenda Diament,42,Female,China,03-14-2025
933,Ninetta Degoix,33,Female,China,01-17-2023
934,Fanechka Bartelot,30,Female,China,02-20-2024
935,Carree Elsay,25,Female,China,02-24-2025
936,Deedee Pickthall,50,Female,China,08-16-2023
937,Hatty Reimer,52,Female,China,04-02-2025
938,Kirsteni Warrior,49,Female,China,05-30-2024
939,Renard Van der Hoeven,33,Male,Argentina,06-09-2025
940,Evvie Mordin,46,Female,United Kingdom,03-13-2023
941,Rob Panner,21,Male,Russia,06-30-2025
942,Marline Maybury,22,Female,China,04-15-2024
943,Calida Hellicar,39,Female,China,09-23-2024
944,Daile Yitzhok,41,Female,Japan,03-24-2024
945,Sheppard Cartmer,24,Male,China,11-24-2023
946,Reta Jamison,49,Non-binary,Canada,08-14-2024
947,Olwen Gillcrist,53,Female,France,04-14-2025
948,Cullie Buffin,32,Male,China,12-23-2023
949,Beau Wattisham,54,Male,China,02-22-2024
950,Sheba Seals,37,Female,China,04-20-2023
951,Martguerita Gadsdon,53,Female,China,06-12-2025
952,Marnia Visco,54,Female,China,11-03-2023
953,Malissa Musson,35,Female,Germany,07-27-2023
954,William Audibert,23,Male,Brazil,04-04-2025
955,Marget Shakesbye,31,Female,China,05-21-2024
956,Tally Tondeur,51,Male,China,08-28-2024
957,Toma Castaignet,27,Female,China,08-02-2023
958,Adrianne Inglesfield,57,Female,Russia,05-15-2025
959,Saudra Risley,56,Female,China,08-03-2024
960,Sheridan Eiler,29,Male,China,11-20-2024
961,Helge Henworth,41,Agender,China,08-18-2024
962,Othello Stempe,37,Male,China,06-04-2023
963,Zara Blint,18,Female,Canada,06-30-2025
964,Merrill Frawley,20,Male,China,05-02-2024
965,Gertrud Andrag,42,Female,China,05-21-2024
966,Rodolphe Battrick,53,Male,Japan,02-28-2024
967,Crosby Kernell,27,Male,Russia,06-06-2025
968,Lane Tidcombe,26,Male,Australia,06-27-2025
969,Quill Lesslie,60,Male,China,04-05-2024
970,Flore Whiting,37,Female,China,03-31-2024
971,Boonie Douglass,38,Male,China,02-20-2023
972,Pegeen Rosenfarb,38,Female,China,03-15-2023
973,Wolfy Galbreath,42,Male,Russia,08-17-2024
974,Brett McMonnies,43,Male,China,12-15-2023
975,Paola Donaghie,22,Female,China,11-26-2024
976,Jeremiah Climson,28,Male,China,09-16-2023
977,Alessandro Renner,39,Male,China,12-14-2024
978,Carleton Zamorano,28,Male,Russia,03-17-2025
979,Blakeley Magne,34,Female,China,09-08-2023
980,Victor Long,27,Male,Japan,05-17-2024
981,Gerick Bierman,37,Male,France,06-30-2023
982,Savina Jolliss,28,Female,France,06-11-2023
983,Mathias Konert,59,Male,Japan,02-16-2023
984,Whitaker Fromant,43,Male,China,06-06-2023
985,Emelina Busson,36,Female,Russia,05-17-2024
986,Kelsey Spurryer,47,Female,Russia,03-12-2023
987,Perl Newlan,43,Female,Russia,04-16-2024
988,Rollo Malpass,21,Male,Argentina,03-31-2024
989,Maurits Dimitriades,18,Male,China,04-17-2025
990,Bevin De Malchar,60,Agender,United States,04-03-2024
991,Rolf Geely,60,Male,France,10-29-2023
992,Thurston Byham,18,Male,China,05-12-2024
993,Chan Kairns,23,Male,Russia,07-16-2023
994,Alfreda Patching,57,Female,China,04-27-2025
995,Rivi Riby,47,Non-binary,Denmark,10-09-2023
996,Jamison Brikner,45,Male,China,07-29-2024
997,Wilhelm Cavell,47,Male,China,11-05-2023
998,Wolfy Zukierman,19,Male,China,02-15-2024
999,Frannie Belle,54,Male,China,05-30-2023
1000,Marla Jacobson,59,Female,Russia,01-24-2024
